{
  "dependencies": {
    "cosmosdb1": {
      "serviceConnectorResourceId": "/subscriptions/[parameters('subscriptionId')]/resourcegroups/[parameters('resourceGroupName')]/providers/Microsoft.Web/sites/task07/providers/Microsoft.ServiceLinker/linkers/ConnectionStringsCosmos1_C8D4B6CD47",
      "secretStore": "AzureAppSettings",
      "resourceId": "/subscriptions/[parameters('subscriptionId')]/resourceGroups/[parameters('resourceGroupName')]/providers/Microsoft.DocumentDB/databaseAccounts/task2",
      "type": "cosmosdb.azure",
      "connectionId": "ConnectionStrings:Cosmos1",
      "dynamicId": null
    }
  }
}