{
  "dependencies": {
    "cosmosdb1": {
      "serviceConnectorResourceId": "/subscriptions/[parameters('subscriptionId')]/resourceGroups/[parameters('resourceGroupName')]/providers/Microsoft.Web/sites/Task1api/providers/Microsoft.ServiceLinker/linkers/cosmosConnectionString_B74BCC80C2",
      "secretStore": "AzureAppSettings",
      "resourceId": "/subscriptions/[parameters('subscriptionId')]/resourceGroups/[parameters('resourceGroupName')]/providers/Microsoft.DocumentDB/databaseAccounts/task2",
      "type": "cosmosdb.azure",
      "connectionId": "cosmosConnectionString",
      "dynamicId": null
    }
  }
}